wavelength_nm,power_W
400,0.19
410,0.200544
420,0.209918
430,0.218251
440,0.22566
450,0.232246
460,0.238101
470,0.243306
480,0.247934
490,0.252048
500,0.255705
510,0.258957
520,0.261847
530,0.264417
540,0.266702
550,0.268732
560,0.270538
570,0.272143
580,0.27357
590,0.274839
600,0.275967
610,0.276969
620,0.277861
630,0.278653
640,0.279357
650,0.279984
660,0.28054
670,0.281035
680,0.281475
690,0.281867
700,0.282214
710,0.28219
720,0.282132
730,0.282043
740,0.281927
750,0.281786
